label,data_0,data_1,data_2,data_3,data_4,data_5,data_6,data_7,data_8,data_9,data_10,data_11,data_12,data_13,data_14,data_15,data_16,data_17,data_18,data_19,data_20,data_21,data_22,data_23,data_24,data_25,data_26,data_27,data_28,data_29,data_30,data_31,data_32,data_33,data_34,data_35,data_36,data_37,data_38,data_39,data_40,data_41
0,0.22854000329971313,0.4492644667625427,0.18389368057250977,0.4173295497894287,0.10824841260910034,0.33749133348464966,0.04830193519592285,0.3110654354095459,0.0,0.3055753707885742,0.1838221549987793,0.19814848899841309,0.17327219247817993,0.08939164876937866,0.13148051500320435,0.03572523593902588,0.09799671173095703,0.0,0.22087424993515015,0.200730562210083,0.14852023124694824,0.1270022988319397,0.1318235993385315,0.22352248430252075,0.14998257160186768,0.27397507429122925,0.25814497470855713,0.22283518314361572,0.18570363521575928,0.17416977882385254,0.17600947618484497,0.2668461203575134,0.19902944564819336,0.3040282726287842,0.2931479811668396,0.25677013397216797,0.23008733987808228,0.21467554569244385,0.2144709825515747,0.2795666456222534,0.2355886697769165,0.3149164915084839
0,0.2309257984161377,0.4506821632385254,0.19122910499572754,0.4335143566131592,0.11544710397720337,0.35450899600982666,0.05253571271896362,0.3262041211128235,0.0,0.3147106170654297,0.1982364058494568,0.19232815504074097,0.18366217613220215,0.088401198387146,0.13942617177963257,0.033175110816955566,0.10393208265304565,0.0,0.23663866519927979,0.1938050389289856,0.15209025144577026,0.1405460238456726,0.13920873403549194,0.23803144693374634,0.16482603549957275,0.27274149656295776,0.2716814875602722,0.216241717338562,0.19184958934783936,0.18469476699829102,0.18473410606384277,0.27910280227661133,0.21180784702301025,0.305169939994812,0.3017508387565613,0.25196945667266846,0.23587238788604736,0.22160756587982178,0.22225159406661987,0.2903372049331665,0.2450438141822815,0.32378292083740234
0,0.2236444354057312,0.43870383501052856,0.18447691202163696,0.4256935119628906,0.11031115055084229,0.3571266531944275,0.04881960153579712,0.32889634370803833,0.0,0.31270653009414673,0.18284881114959717,0.19251036643981934,0.16271430253982544,0.0844113826751709,0.11831998825073242,0.030456125736236572,0.08108055591583252,0.0,0.22486287355422974,0.19438451528549194,0.13357645273208618,0.1549270749092102,0.12168323993682861,0.25162237882614136,0.14507931470870972,0.29038310050964355,0.2630794048309326,0.2203679084777832,0.17576837539672852,0.20111799240112305,0.1704283356666565,0.297063946723938,0.19679152965545654,0.32615482807159424,0.2964280843734741,0.2617589831352234,0.2258436679840088,0.24167633056640625,0.21265161037445068,0.3098093271255493,0.2347201704978943,0.34055328369140625
0,0.20750665664672852,0.4599343538284302,0.1576560139656067,0.43686360120773315,0.09596818685531616,0.3600503206253052,0.04373180866241455,0.3282313346862793,0.0,0.3085300326347351,0.183110773563385,0.18893557786941528,0.14891505241394043,0.08063215017318726,0.10269874334335327,0.028703749179840088,0.06258445978164673,0.0,0.22737455368041992,0.19071459770202637,0.12896746397018433,0.16375946998596191,0.12079250812530518,0.26949530839920044,0.15014266967773438,0.30048418045043945,0.26326507329940796,0.21627748012542725,0.1694052815437317,0.20565474033355713,0.16301506757736206,0.30578678846359253,0.19222962856292725,0.32726848125457764,0.2919580936431885,0.26134616136550903,0.2145533561706543,0.2437482476234436,0.20069962739944458,0.3114646077156067,0.22529274225234985,0.33635109663009644
0,0.265469491481781,0.4554526209831238,0.2121695876121521,0.4218288064002991,0.12916028499603271,0.3394824266433716,0.05965167284011841,0.311450719833374,0.0,0.29766935110092163,0.2167891263961792,0.17228275537490845,0.1881234049797058,0.06429356336593628,0.14186567068099976,0.022822678089141846,0.09899342060089111,0.0,0.25913387537002563,0.17104506492614746,0.16392451524734497,0.14853906631469727,0.16443407535552979,0.253873348236084,0.19544827938079834,0.27958154678344727,0.2966667413711548,0.19744640588760376,0.20266449451446533,0.18719333410263062,0.20470595359802246,0.2851749658584595,0.23657596111297607,0.2989559769630432,0.3291400671005249,0.2419072389602661,0.2535786032676697,0.23036640882492065,0.24498778581619263,0.29999232292175293,0.2732943296432495,0.3173975944519043
0,0.265469491481781,0.4554526209831238,0.2121695876121521,0.4218288064002991,0.12916028499603271,0.3394824266433716,0.05965167284011841,0.311450719833374,0.0,0.29766935110092163,0.2167891263961792,0.17228275537490845,0.1881234049797058,0.06429356336593628,0.14186567068099976,0.022822678089141846,0.09899342060089111,0.0,0.25913387537002563,0.17104506492614746,0.16392451524734497,0.14853906631469727,0.16443407535552979,0.253873348236084,0.19544827938079834,0.27958154678344727,0.2966667413711548,0.19744640588760376,0.20266449451446533,0.18719333410263062,0.20470595359802246,0.2851749658584595,0.23657596111297607,0.2989559769630432,0.3291400671005249,0.2419072389602661,0.2535786032676697,0.23036640882492065,0.24498778581619263,0.29999232292175293,0.2732943296432495,0.3173975944519043
0,0.24194985628128052,0.44480574131011963,0.18750423192977905,0.40755629539489746,0.11934995651245117,0.3347679376602173,0.05680358409881592,0.3166919946670532,0.0,0.3049345016479492,0.21419143676757812,0.15160208940505981,0.16975808143615723,0.06236135959625244,0.12337636947631836,0.022589683532714844,0.0829734206199646,0.0,0.25428086519241333,0.156732976436615,0.14483076333999634,0.14594483375549316,0.1491822600364685,0.24942463636398315,0.18241208791732788,0.2706056237220764,0.28856998682022095,0.184758722782135,0.1837725043296814,0.1862778663635254,0.18744629621505737,0.27814847230911255,0.21842193603515625,0.2896823287010193,0.31416428089141846,0.2322375774383545,0.23028630018234253,0.21799379587173462,0.2197514772415161,0.2796470522880554,0.24482649564743042,0.29919660091400146
0,0.25233060121536255,0.4412861466407776,0.19942349195480347,0.41655033826828003,0.12157362699508667,0.34044766426086426,0.05615609884262085,0.31519269943237305,0.0,0.3034144639968872,0.21231311559677124,0.15847909450531006,0.17543286085128784,0.06027400493621826,0.13062137365341187,0.021086812019348145,0.08998632431030273,0.0,0.25132083892822266,0.1558520793914795,0.14401477575302124,0.14080458879470825,0.15067577362060547,0.24664312601089478,0.18526095151901245,0.26864343881607056,0.2852823734283447,0.1778961420059204,0.18227553367614746,0.179612398147583,0.1899697184562683,0.2802712321281433,0.22349917888641357,0.29509955644607544,0.3129512071609497,0.22116953134536743,0.23050272464752197,0.21111071109771729,0.2248038649559021,0.2824944853782654,0.25358283519744873,0.30630868673324585
0,0.25233060121536255,0.4412861466407776,0.19942349195480347,0.41655033826828003,0.12157362699508667,0.34044766426086426,0.05615609884262085,0.31519269943237305,0.0,0.3034144639968872,0.21231311559677124,0.15847909450531006,0.17543286085128784,0.06027400493621826,0.13062137365341187,0.021086812019348145,0.08998632431030273,0.0,0.25132083892822266,0.1558520793914795,0.14401477575302124,0.14080458879470825,0.15067577362060547,0.24664312601089478,0.18526095151901245,0.26864343881607056,0.2852823734283447,0.1778961420059204,0.18227553367614746,0.179612398147583,0.1899697184562683,0.2802712321281433,0.22349917888641357,0.29509955644607544,0.3129512071609497,0.22116953134536743,0.23050272464752197,0.21111071109771729,0.2248038649559021,0.2824944853782654,0.25358283519744873,0.30630868673324585
0,0.24648064374923706,0.4465595483779907,0.19067561626434326,0.40843796730041504,0.1210012435913086,0.33198869228363037,0.05697798728942871,0.31234216690063477,0.0,0.29653167724609375,0.21689373254776,0.14818966388702393,0.17230349779129028,0.05478149652481079,0.12426614761352539,0.017544984817504883,0.08185374736785889,0.0,0.25651007890701294,0.15174192190170288,0.1469225287437439,0.13564276695251465,0.15123629570007324,0.240675151348114,0.1851266622543335,0.26440542936325073,0.2903502583503723,0.17709136009216309,0.18441593647003174,0.17502480745315552,0.18927061557769775,0.2705269455909729,0.22203874588012695,0.2830970883369446,0.3162538409233093,0.22189825773239136,0.23082393407821655,0.21038085222244263,0.22298181056976318,0.2757323980331421,0.2503182888031006,0.29538118839263916
0,0.0,0.19443118572235107,0.06007885932922363,0.12736177444458008,0.12485617399215698,0.07783317565917969,0.16942113637924194,0.03810989856719971,0.19904333353042603,0.0,0.17587029933929443,0.09413856267929077,0.24449393153190613,0.07951974868774414,0.2791258692741394,0.07173562049865723,0.29896247386932373,0.06536978483200073,0.16927692294120789,0.1157713532447815,0.24057048559188843,0.10041135549545288,0.2741127610206604,0.09205210208892822,0.2979099154472351,0.08254516124725342,0.15615352988243103,0.14103806018829346,0.22171670198440552,0.12895750999450684,0.2525223195552826,0.12512707710266113,0.2753702402114868,0.11740201711654663,0.13745853304862976,0.1718265414237976,0.18426552414894104,0.16313427686691284,0.20956698060035706,0.15778803825378418,0.22903919219970703,0.15069401264190674
0,0.0,0.1374463438987732,0.013145774602890015,0.08528965711593628,0.04168790578842163,0.048039913177490234,0.06169426441192627,0.022355735301971436,0.07453259825706482,0.0,0.09197801351547241,0.05287015438079834,0.12921392917633057,0.041651368141174316,0.1543291211128235,0.035480797290802,0.17323249578475952,0.032614171504974365,0.10125905275344849,0.07728010416030884,0.14199095964431763,0.0739777684211731,0.16633683443069458,0.0747339129447937,0.18768638372421265,0.07674413919448853,0.10487836599349976,0.10607868432998657,0.14300686120986938,0.10365182161331177,0.1657778024673462,0.10331690311431885,0.1862136721611023,0.10268336534500122,0.10279184579849243,0.13746380805969238,0.13518017530441284,0.1357383131980896,0.15421181917190552,0.13396650552749634,0.1701136827468872,0.1311126947402954
0,0.0,0.12317845225334167,0.05136078596115112,0.1553039848804474,0.10878005623817444,0.1539730727672577,0.15694084763526917,0.1412641704082489,0.18486228585243225,0.1199391782283783,0.10369876027107239,0.0537964403629303,0.162643164396286,0.03934404253959656,0.17550691962242126,0.0630556046962738,0.17385795712471008,0.08380743861198425,0.08944723010063171,0.026364684104919434,0.14889582991600037,0.01658397912979126,0.1609136164188385,0.04207247495651245,0.15858349204063416,0.06278124451637268,0.07847943902015686,0.013967692852020264,0.133995920419693,0.004828780889511108,0.1450611650943756,0.02844250202178955,0.14138850569725037,0.047992557287216187,0.07352080941200256,0.010866880416870117,0.11821439862251282,0.0,0.12898197770118713,0.01631912589073181,0.12565365433692932,0.03265240788459778
0,0.0,0.04319190979003906,0.05335700511932373,0.05589368939399719,0.10886305570602417,0.05600622296333313,0.15047883987426758,0.062123119831085205,0.18369579315185547,0.07134488224983215,0.12713748216629028,0.0,0.19448816776275635,0.010738283395767212,0.2340233325958252,0.042676836252212524,0.25901347398757935,0.077368825674057,0.11735552549362183,0.004567354917526245,0.1935451626777649,0.033159613609313965,0.23462384939193726,0.0773734450340271,0.259665310382843,0.12002590298652649,0.10133582353591919,0.026218891143798828,0.1731816530227661,0.058430492877960205,0.21212565898895264,0.1010344922542572,0.23714619874954224,0.14052724838256836,0.08220690488815308,0.06085997819900513,0.13239985704421997,0.08903780579566956,0.1629830002784729,0.11681300401687622,0.18411701917648315,0.14327234029769897
0,0.0,0.05098462104797363,0.05938217043876648,0.0889352560043335,0.11075082421302795,0.08948159217834473,0.148957759141922,0.09113931655883789,0.17705747485160828,0.09234869480133057,0.12796267867088318,0.0027241408824920654,0.19265112280845642,0.005147010087966919,0.21953514218330383,0.04787448048591614,0.22736254334449768,0.09035453200340271,0.11032554507255554,0.0,0.17756196856498718,0.027939260005950928,0.206161767244339,0.08469218015670776,0.21857395768165588,0.13180235028266907,0.0859706699848175,0.015792280435562134,0.14190903306007385,0.04884463548660278,0.17023631930351257,0.10027024149894714,0.1870158612728119,0.14317560195922852,0.05914786458015442,0.04520103335380554,0.09637537598609924,0.07669997215270996,0.11963263154029846,0.10904482007026672,0.13656118512153625,0.13798078894615173
0,0.0,0.05138668417930603,0.04747730493545532,0.07525324821472168,0.09177708625793457,0.07011604309082031,0.12448310852050781,0.0653482973575592,0.1479349136352539,0.06407284736633301,0.10828715562820435,0.005536377429962158,0.1598442792892456,0.0,0.1885615587234497,0.02728411555290222,0.2013341784477234,0.05599403381347656,0.0952332615852356,0.004969954490661621,0.14865607023239136,0.01555892825126648,0.17499130964279175,0.053053826093673706,0.1875402331352234,0.08373162150382996,0.07610952854156494,0.01931282877922058,0.1187395453453064,0.04112926125526428,0.13782185316085815,0.0784507691860199,0.14888763427734375,0.10568434000015259,0.054162442684173584,0.04402583837509155,0.08111673593521118,0.07241353392601013,0.08991992473602295,0.09538039565086365,0.09287053346633911,0.11286798119544983
0,0.0,0.06778556108474731,0.05551081895828247,0.07967185974121094,0.10288125276565552,0.07057464122772217,0.1376761794090271,0.0647314190864563,0.1660941243171692,0.06457644701004028,0.11308884620666504,0.013967067003250122,0.16976577043533325,0.0,0.203144371509552,0.02118927240371704,0.22245967388153076,0.04853913187980652,0.09943932294845581,0.014016896486282349,0.16092640161514282,0.002949357032775879,0.1951276659965515,0.032601237297058105,0.2140038013458252,0.06396138668060303,0.08003634214401245,0.0291176438331604,0.12992364168167114,0.0334014892578125,0.1540471315383911,0.06291604042053223,0.16731184720993042,0.08755773305892944,0.058759093284606934,0.05516570806503296,0.09088188409805298,0.06790420413017273,0.10487431287765503,0.0890812873840332,0.11048656702041626,0.10738185048103333
0,0.0,0.06778556108474731,0.05551081895828247,0.07967185974121094,0.10288125276565552,0.07057464122772217,0.1376761794090271,0.0647314190864563,0.1660941243171692,0.06457644701004028,0.11308884620666504,0.013967067003250122,0.16976577043533325,0.0,0.203144371509552,0.02118927240371704,0.22245967388153076,0.04853913187980652,0.09943932294845581,0.014016896486282349,0.16092640161514282,0.002949357032775879,0.1951276659965515,0.032601237297058105,0.2140038013458252,0.06396138668060303,0.08003634214401245,0.0291176438331604,0.12992364168167114,0.0334014892578125,0.1540471315383911,0.06291604042053223,0.16731184720993042,0.08755773305892944,0.058759093284606934,0.05516570806503296,0.09088188409805298,0.06790420413017273,0.10487431287765503,0.0890812873840332,0.11048656702041626,0.10738185048103333
0,0.21126246452331543,0.4494011402130127,0.14758121967315674,0.4093565344810486,0.09124314785003662,0.3359105587005615,0.04321861267089844,0.30827444791793823,0.0,0.29404401779174805,0.18530720472335815,0.1551668643951416,0.13386976718902588,0.07223767042160034,0.08948230743408203,0.03426176309585571,0.05088311433792114,0.0,0.22602230310440063,0.1599653959274292,0.11407923698425293,0.13919812440872192,0.11578166484832764,0.24567389488220215,0.15287178754806519,0.25991666316986084,0.25766056776046753,0.18401360511779785,0.14847701787948608,0.17676711082458496,0.14932477474212646,0.2730858325958252,0.1852278709411621,0.28335464000701904,0.2789212465286255,0.22607630491256714,0.19060951471328735,0.2064186930656433,0.1803380250930786,0.2690056562423706,0.20585918426513672,0.28825998306274414
0,0.2395467758178711,0.47866225242614746,0.16444987058639526,0.42074400186538696,0.10407179594039917,0.341663658618927,0.04962068796157837,0.3032571077346802,0.0,0.2752835750579834,0.2054958939552307,0.16116803884506226,0.14902418851852417,0.07759332656860352,0.10315042734146118,0.03697425127029419,0.06534725427627563,0.0,0.24689650535583496,0.16941070556640625,0.1302872896194458,0.1354769468307495,0.12571531534194946,0.24392187595367432,0.1632787585258484,0.26355427503585815,0.27804064750671387,0.194940984249115,0.16040164232254028,0.17412257194519043,0.15827983617782593,0.2729204297065735,0.1954934000968933,0.2912675738334656,0.29737263917922974,0.2358723282814026,0.2052651047706604,0.20653319358825684,0.19200342893600464,0.2703471779823303,0.21617352962493896,0.2965136766433716
0,0.24871808290481567,0.4682542681694031,0.18483662605285645,0.4119429588317871,0.12058752775192261,0.3357622027397156,0.056751251220703125,0.31411170959472656,0.0,0.3014513850212097,0.22450363636016846,0.1491241455078125,0.17818015813827515,0.061419665813446045,0.13469475507736206,0.024074196815490723,0.09247153997421265,0.0,0.2630664110183716,0.15229928493499756,0.14922714233398438,0.13272309303283691,0.15521830320358276,0.2374996542930603,0.1915178894996643,0.2561764121055603,0.2966369390487671,0.17815226316452026,0.18656766414642334,0.17198938131332397,0.19082903861999512,0.2658168077468872,0.2241472601890564,0.2771669626235962,0.32096707820892334,0.22407186031341553,0.23309069871902466,0.19949114322662354,0.22262781858444214,0.2616995573043823,0.24748802185058594,0.2839483618736267
0,0.2698781490325928,0.4705228805541992,0.20587468147277832,0.4204086661338806,0.1268376111984253,0.3392437696456909,0.06039988994598389,0.309658408164978,0.0,0.29586488008499146,0.2208912968635559,0.1682383418083191,0.1874779462814331,0.0716557502746582,0.1397278904914856,0.02844184637069702,0.1002228856086731,0.0,0.2597714066505432,0.1672869324684143,0.159224271774292,0.14633649587631226,0.16686272621154785,0.24960213899612427,0.2028486728668213,0.2726379632949829,0.2951199412345886,0.18809789419174194,0.19390463829040527,0.17887628078460693,0.20266276597976685,0.2732686996459961,0.23737174272537231,0.28626924753189087,0.3245540261268616,0.22705543041229248,0.2415432333946228,0.20917391777038574,0.2367672324180603,0.2819746136665344,0.2679949998855591,0.3065946698188782
0,0.25221729278564453,0.45635056495666504,0.203835129737854,0.4150070548057556,0.1267092227935791,0.33403319120407104,0.05926269292831421,0.30432701110839844,0.0,0.28912585973739624,0.21892714500427246,0.15570884943008423,0.1817452311515808,0.06364011764526367,0.13648855686187744,0.024675309658050537,0.09574556350708008,0.0,0.2568345069885254,0.15790128707885742,0.1578453779220581,0.13785415887832642,0.16384100914001465,0.24130946397781372,0.19685649871826172,0.2684038281440735,0.2902388572692871,0.17974525690078735,0.1923764944076538,0.17310529947280884,0.19949495792388916,0.27198928594589233,0.23120027780532837,0.291823148727417,0.3197442293167114,0.21933645009994507,0.2411988377571106,0.19891387224197388,0.2351793646812439,0.26946133375167847,0.2624537944793701,0.2990027666091919
0,0.2692745625972748,0.46335524320602417,0.20850130915641785,0.41301506757736206,0.1313658058643341,0.33364051580429077,0.06156465411186218,0.30708110332489014,0.0,0.29152530431747437,0.22639665007591248,0.15451699495315552,0.184719055891037,0.05350369215011597,0.13764962553977966,0.01859581470489502,0.09607157111167908,0.0,0.2642039954662323,0.15409386157989502,0.15830233693122864,0.14103853702545166,0.16703000664710999,0.24629348516464233,0.20286336541175842,0.2743048667907715,0.298488587141037,0.17592281103134155,0.1928040087223053,0.17586320638656616,0.20365861058235168,0.2727425694465637,0.2398143708705902,0.286082923412323,0.32633212208747864,0.21678799390792847,0.24088957905769348,0.1981140375137329,0.23350265622138977,0.2720273733139038,0.2635469138622284,0.2974475622177124
0,0.26456165313720703,0.4534100890159607,0.21045398712158203,0.422477662563324,0.12728571891784668,0.3446810841560364,0.05956125259399414,0.3136177659034729,0.0,0.30184441804885864,0.21455222368240356,0.17427963018417358,0.18399900197982788,0.07478588819503784,0.1384558081626892,0.028595387935638428,0.10035330057144165,0.0,0.2546035647392273,0.17152947187423706,0.1576453447341919,0.14917117357254028,0.16228777170181274,0.25518763065338135,0.19483935832977295,0.28597575426101685,0.2903861403465271,0.19101697206497192,0.1922265887260437,0.18494457006454468,0.2002595067024231,0.283527672290802,0.23433637619018555,0.30649346113204956,0.32008618116378784,0.2283409833908081,0.23513168096542358,0.21362918615341187,0.23084068298339844,0.28693634271621704,0.26143908500671387,0.3162955641746521
0,0.26456165313720703,0.4534100890159607,0.21045398712158203,0.422477662563324,0.12728571891784668,0.3446810841560364,0.05956125259399414,0.3136177659034729,0.0,0.30184441804885864,0.21455222368240356,0.17427963018417358,0.18399900197982788,0.07478588819503784,0.1384558081626892,0.028595387935638428,0.10035330057144165,0.0,0.2546035647392273,0.17152947187423706,0.1576453447341919,0.14917117357254028,0.16228777170181274,0.25518763065338135,0.19483935832977295,0.28597575426101685,0.2903861403465271,0.19101697206497192,0.1922265887260437,0.18494457006454468,0.2002595067024231,0.283527672290802,0.23433637619018555,0.30649346113204956,0.32008618116378784,0.2283409833908081,0.23513168096542358,0.21362918615341187,0.23084068298339844,0.28693634271621704,0.26143908500671387,0.3162955641746521
0,0.24974161386489868,0.4563484191894531,0.20082050561904907,0.4153761863708496,0.12514179944992065,0.33652859926223755,0.05852615833282471,0.3094941973686218,0.0,0.29436570405960083,0.21861112117767334,0.163058340549469,0.18129241466522217,0.07122242450714111,0.13631302118301392,0.027928948402404785,0.09850859642028809,0.0,0.25598275661468506,0.16599208116531372,0.15086185932159424,0.14451932907104492,0.15525847673416138,0.24644207954406738,0.19046491384506226,0.27021491527557373,0.28865110874176025,0.1873875856399536,0.1874750852584839,0.18055272102355957,0.19345194101333618,0.2760806083679199,0.22622042894363403,0.2914586067199707,0.31651633977890015,0.22581708431243896,0.23742753267288208,0.20370209217071533,0.22980469465255737,0.2721331715583801,0.2565305829048157,0.30062687397003174
0,0.20943260192871094,0.3863937258720398,0.16542953252792358,0.3807342052459717,0.10336172580718994,0.3213996887207031,0.0492708683013916,0.30416107177734375,0.0,0.2893814444541931,0.19421136379241943,0.1452476978302002,0.15242326259613037,0.06964832544326782,0.10428869724273682,0.023644328117370605,0.06790244579315186,0.0,0.22189265489578247,0.1411656141281128,0.11960828304290771,0.120716392993927,0.10862880945205688,0.18824374675750732,0.13513201475143433,0.2164251208305359,0.2427491545677185,0.15801870822906494,0.13990932703018188,0.14426904916763306,0.13087648153305054,0.21214580535888672,0.1579379439353943,0.23615151643753052,0.25294631719589233,0.19167524576187134,0.17066282033920288,0.18020248413085938,0.1593816876411438,0.23219382762908936,0.1826229691505432,0.26426106691360474
0,0.2524157166481018,0.38379448652267456,0.19279038906097412,0.36831921339035034,0.115287184715271,0.31415778398513794,0.05557960271835327,0.2971861958503723,0.0,0.2911091446876526,0.1795440912246704,0.14368432760238647,0.15402770042419434,0.056508004665374756,0.10638630390167236,0.019201040267944336,0.06629389524459839,0.0,0.2071591019630432,0.12999606132507324,0.121651291847229,0.0937809944152832,0.0807042121887207,0.1568184494972229,0.06413370370864868,0.19162744283676147,0.23538804054260254,0.1376270055770874,0.1410556435585022,0.1417018175125122,0.14935970306396484,0.22429484128952026,0.1791209578514099,0.2558368444442749,0.25852537155151367,0.1629784107208252,0.17828017473220825,0.17256349325180054,0.18082046508789062,0.23226207494735718,0.21375161409378052,0.2588186264038086
0,0.20055639743804932,0.13278734683990479,0.18179917335510254,0.11243587732315063,0.13485175371170044,0.0953836441040039,0.08773517608642578,0.1081508994102478,0.05312752723693848,0.12243807315826416,0.12860167026519775,0.04215359687805176,0.0706443190574646,0.018026888370513916,0.031164109706878662,0.005417287349700928,0.0,0.0,0.13178801536560059,0.05034822225570679,0.0776110291481018,0.012872695922851562,0.03523379564285278,0.005939185619354248,0.0058539509773254395,0.008668243885040283,0.1354692578315735,0.07821375131607056,0.07067334651947021,0.11263841390609741,0.07694679498672485,0.1638299822807312,0.09432077407836914,0.18670618534088135,0.14032399654388428,0.11658662557601929,0.09641075134277344,0.16277867555618286,0.10936510562896729,0.19798368215560913,0.13008642196655273,0.21117371320724487
0,0.19674259424209595,0.11398357152938843,0.17140436172485352,0.07893496751785278,0.12513327598571777,0.06288939714431763,0.08635538816452026,0.07417029142379761,0.06098133325576782,0.09150385856628418,0.12178534269332886,0.03376251459121704,0.06968158483505249,0.01385641098022461,0.03105860948562622,0.004301309585571289,0.0008136630058288574,0.0,0.11716723442077637,0.04915428161621094,0.06960523128509521,0.016123592853546143,0.03131455183029175,0.005023300647735596,0.0,0.0003591775894165039,0.11425095796585083,0.07737243175506592,0.05409735441207886,0.0791555643081665,0.03456532955169678,0.10236483812332153,0.026660621166229248,0.11979502439498901,0.1133086085319519,0.11699604988098145,0.06404179334640503,0.12206429243087769,0.03887277841567993,0.1343677043914795,0.022857844829559326,0.14550966024398804
0,0.1217350959777832,0.11712008714675903,0.08124881982803345,0.11212813854217529,0.040991365909576416,0.11248189210891724,0.019118785858154297,0.1204444169998169,0.0,0.1341613531112671,0.02390173077583313,0.06312751770019531,0.031452178955078125,0.008234858512878418,0.04989007115364075,0.0022547245025634766,0.0666733980178833,0.016166210174560547,0.02955535054206848,0.06254243850708008,0.035792380571365356,0.0038644075393676758,0.056954145431518555,0.0,0.0704796314239502,0.01204615831375122,0.03651535511016846,0.07318240404129028,0.03530740737915039,0.023100554943084717,0.05486223101615906,0.016341090202331543,0.06721377372741699,0.024759531021118164,0.04308038949966431,0.09575426578521729,0.026142001152038574,0.08968430757522583,0.02405121922492981,0.09428542852401733,0.02227717638015747,0.10487920045852661
0,0.11840960383415222,0.2105119824409485,0.13259515166282654,0.15445005893707275,0.1381363570690155,0.09956896305084229,0.14192596077919006,0.06760132312774658,0.14020314812660217,0.039933741092681885,0.06294229626655579,0.043010175228118896,0.036280810832977295,0.007752180099487305,0.019527733325958252,0.0,0.0,0.006200253963470459,0.042302340269088745,0.08065277338027954,0.03606727719306946,0.04618304967880249,0.07870760560035706,0.057331860065460205,0.10549435019493103,0.07541120052337646,0.03157874941825867,0.12787485122680664,0.029329419136047363,0.10006707906723022,0.07144901156425476,0.10600864887237549,0.09709426760673523,0.12309175729751587,0.030100643634796143,0.18034619092941284,0.03206726908683777,0.15442728996276855,0.06293943524360657,0.15258294343948364,0.0845470130443573,0.16226118803024292
0,0.11840960383415222,0.2105119824409485,0.13259515166282654,0.15445005893707275,0.1381363570690155,0.09956896305084229,0.14192596077919006,0.06760132312774658,0.14020314812660217,0.039933741092681885,0.06294229626655579,0.043010175228118896,0.036280810832977295,0.007752180099487305,0.019527733325958252,0.0,0.0,0.006200253963470459,0.042302340269088745,0.08065277338027954,0.03606727719306946,0.04618304967880249,0.07870760560035706,0.057331860065460205,0.10549435019493103,0.07541120052337646,0.03157874941825867,0.12787485122680664,0.029329419136047363,0.10006707906723022,0.07144901156425476,0.10600864887237549,0.09709426760673523,0.12309175729751587,0.030100643634796143,0.18034619092941284,0.03206726908683777,0.15442728996276855,0.06293943524360657,0.15258294343948364,0.0845470130443573,0.16226118803024292
0,0.1783345639705658,0.23226064443588257,0.11689862608909607,0.17092210054397583,0.06625023484230042,0.11432403326034546,0.026722103357315063,0.10312920808792114,0.0,0.09817540645599365,0.09997758269309998,0.0003559589385986328,0.045674294233322144,0.00717240571975708,0.05867847800254822,0.04541301727294922,0.07516244053840637,0.05398029088973999,0.1025441586971283,0.0,0.03453293442726135,0.01994389295578003,0.06289902329444885,0.06831187009811401,0.09250208735466003,0.07339948415756226,0.10626146197319031,0.011190533638000488,0.03786066174507141,0.040206313133239746,0.08146092295646667,0.09553146362304688,0.12221905589103699,0.10718172788619995,0.10975965857505798,0.036057114601135254,0.05237242579460144,0.05267685651779175,0.08651325106620789,0.09651821851730347,0.12802842259407043,0.10700136423110962
0,0.09582725167274475,0.2379741072654724,0.11686065793037415,0.16608774662017822,0.11841413378715515,0.10165256261825562,0.10292425751686096,0.07107365131378174,0.07838156819343567,0.061782658100128174,0.04284617304801941,0.043972015380859375,0.01793685555458069,0.014022231101989746,0.008838742971420288,0.0011092424392700195,0.0,0.0,0.020843178033828735,0.0768197774887085,0.02395603060722351,0.04695481061935425,0.06329008936882019,0.05904984474182129,0.09178784489631653,0.08133894205093384,0.008153736591339111,0.12090951204299927,0.02329239249229431,0.1015898585319519,0.06322452425956726,0.12095421552658081,0.0868244469165802,0.14444464445114136,0.003924846649169922,0.17258816957473755,0.01598381996154785,0.15078550577163696,0.044434040784835815,0.15914273262023926,0.06262090802192688,0.1746775507926941
0,0.10252740979194641,0.21462911367416382,0.12423935532569885,0.14959263801574707,0.1274619996547699,0.09208643436431885,0.11625614762306213,0.06596541404724121,0.09904339909553528,0.05556464195251465,0.04930749535560608,0.03329813480377197,0.022437214851379395,0.00901561975479126,0.01087808609008789,0.0,0.0,0.00010037422180175781,0.02796521782875061,0.06622248888015747,0.03135308623313904,0.043830275535583496,0.06645843386650085,0.056066155433654785,0.0926605761051178,0.07854300737380981,0.016675949096679688,0.10911005735397339,0.027928203344345093,0.09341031312942505,0.06408527493476868,0.11082786321640015,0.08722814917564392,0.1335512399673462,0.012918621301651001,0.15915173292160034,0.01880282163619995,0.1430339217185974,0.04372182488441467,0.14794647693634033,0.0623723566532135,0.1597558856010437
0,0.24972909688949585,0.3883657157421112,0.1716739535331726,0.33110758662223816,0.1128838062286377,0.28618183732032776,0.0527079701423645,0.29074975848197937,0.0,0.30238279700279236,0.20237183570861816,0.0765443742275238,0.1242908239364624,0.011542439460754395,0.06931275129318237,0.0,0.028684914112091064,0.00533217191696167,0.213148295879364,0.07592472434043884,0.07047498226165771,0.1081494688987732,0.07367575168609619,0.1786060631275177,0.1005105972290039,0.19573715329170227,0.210110604763031,0.09703207015991211,0.07956117391586304,0.144879549741745,0.09387785196304321,0.20555779337882996,0.12234807014465332,0.21471455693244934,0.19927579164505005,0.13094893097877502,0.10194873809814453,0.18075969815254211,0.10241526365280151,0.23047932982444763,0.11883038282394409,0.24820682406425476
0,0.27458733320236206,0.40550696849823,0.19133830070495605,0.3328164219856262,0.12456756830215454,0.2746432423591614,0.05617415904998779,0.2796069383621216,0.0,0.2934277653694153,0.21391791105270386,0.0824107825756073,0.13191330432891846,0.011878520250320435,0.07319873571395874,0.0,0.02779102325439453,0.010297417640686035,0.22352033853530884,0.08159768581390381,0.07873010635375977,0.12188053131103516,0.0854024887084961,0.19211900234222412,0.11496192216873169,0.21366256475448608,0.2216905951499939,0.1026688814163208,0.09014934301376343,0.15687870979309082,0.11011946201324463,0.2169833779335022,0.14113867282867432,0.22599416971206665,0.2123066782951355,0.1364695429801941,0.11459243297576904,0.18178611993789673,0.1225435733795166,0.2303219437599182,0.14402860403060913,0.24581652879714966
0,0.2583211064338684,0.38339829444885254,0.18592828512191772,0.3351794481277466,0.12184715270996094,0.2884882092475891,0.0541953444480896,0.295759916305542,0.0,0.3110336661338806,0.20685404539108276,0.087278813123703,0.12769567966461182,0.014940619468688965,0.07469761371612549,0.0007346570491790771,0.03690308332443237,0.0,0.21983122825622559,0.08498084545135498,0.0737881064414978,0.11851328611373901,0.08685904741287231,0.1937968134880066,0.12063848972320557,0.21090847253799438,0.21912753582000732,0.10684594511985779,0.08413076400756836,0.1582677960395813,0.10802924633026123,0.22623461484909058,0.14185476303100586,0.234458327293396,0.2095540165901184,0.1441996693611145,0.10508310794830322,0.19372236728668213,0.11801570653915405,0.24878591299057007,0.14627009630203247,0.26316916942596436
0,0.27585792541503906,0.41045117378234863,0.19131457805633545,0.34544646739959717,0.12530100345611572,0.291766881942749,0.05706477165222168,0.2967255115509033,0.0,0.3123244643211365,0.2178030014038086,0.08298751711845398,0.13344097137451172,0.012671679258346558,0.07650506496429443,0.0,0.03300589323043823,0.004972904920578003,0.23080193996429443,0.08161389827728271,0.0816655158996582,0.11615464091300964,0.0924805998802185,0.19622552394866943,0.12573260068893433,0.21724450588226318,0.22928589582443237,0.10417261719703674,0.09141808748245239,0.1559705138206482,0.11322951316833496,0.22446870803833008,0.14802461862564087,0.23247015476226807,0.21815258264541626,0.1417807936668396,0.11313527822494507,0.18970894813537598,0.1215137243270874,0.2434512972831726,0.14700639247894287,0.258112370967865
0,0.29948675632476807,0.4143860936164856,0.20393860340118408,0.35540634393692017,0.13351738452911377,0.2993010878562927,0.06029731035232544,0.30347341299057007,0.0,0.3156284689903259,0.23133808374404907,0.08105674386024475,0.14785480499267578,0.012221425771713257,0.08686983585357666,0.0,0.03747117519378662,0.008735835552215576,0.24343615770339966,0.0801478922367096,0.09606021642684937,0.11512818932533264,0.10604202747344971,0.19078177213668823,0.1404048204421997,0.21214449405670166,0.24166429042816162,0.10532772541046143,0.10599875450134277,0.1547141671180725,0.12532544136047363,0.22001492977142334,0.15822535753250122,0.22765934467315674,0.23033064603805542,0.1451510787010193,0.12974435091018677,0.1812208890914917,0.1419219970703125,0.23132485151290894,0.16842055320739746,0.24452447891235352
0,0.2806190252304077,0.40606144070625305,0.20288431644439697,0.34092506766319275,0.12889164686203003,0.2879584729671478,0.05610540509223938,0.2929636538028717,0.0,0.30496862530708313,0.23183876276016235,0.07996854186058044,0.1379847526550293,0.012865126132965088,0.08092981576919556,0.0,0.03718927502632141,0.0013900995254516602,0.2415960431098938,0.08098512887954712,0.08982282876968384,0.11757490038871765,0.09955960512161255,0.19430199265480042,0.13420021533966064,0.21731987595558167,0.23708820343017578,0.1028280258178711,0.09943634271621704,0.14896848797798157,0.11753666400909424,0.21719899773597717,0.15066784620285034,0.22678616642951965,0.22484374046325684,0.13852593302726746,0.12340903282165527,0.17601338028907776,0.13629299402236938,0.2287534773349762,0.16537797451019287,0.24262461066246033
0,0.29969507455825806,0.39486873149871826,0.2038029432296753,0.33608388900756836,0.1338331699371338,0.28051865100860596,0.060164451599121094,0.285047709941864,0.0,0.2999635338783264,0.23268532752990723,0.0703500509262085,0.1423073410987854,0.008341848850250244,0.08140712976455688,0.0,0.034780919551849365,0.00813266634941101,0.24515032768249512,0.06633973121643066,0.09312170743942261,0.11184614896774292,0.09962475299835205,0.19745665788650513,0.1320691704750061,0.22396349906921387,0.24468475580215454,0.09001708030700684,0.1031007170677185,0.15286141633987427,0.11980783939361572,0.2263648509979248,0.1502765417098999,0.24092870950698853,0.23387765884399414,0.12812834978103638,0.12848114967346191,0.1791478991508484,0.13185101747512817,0.2318563461303711,0.14913660287857056,0.24605345726013184
0,0.2950070798397064,0.4331028461456299,0.20409008860588074,0.35298091173171997,0.1311376988887787,0.28217095136642456,0.05872735381126404,0.28281426429748535,0.0,0.28668510913848877,0.24474045634269714,0.06625941395759583,0.14588245749473572,0.00860944390296936,0.0859585702419281,0.0,0.04029408097267151,0.008345365524291992,0.2483750283718109,0.058034539222717285,0.09862270951271057,0.09926667809486389,0.11082449555397034,0.19078683853149414,0.14646032452583313,0.2343500256538391,0.23679253458976746,0.07270121574401855,0.09418883919715881,0.13289684057235718,0.1148439347743988,0.21798688173294067,0.15024879574775696,0.24636846780776978,0.215669184923172,0.10233700275421143,0.10594698786735535,0.15704774856567383,0.1134972870349884,0.21975106000900269,0.13560530543327332,0.24267297983169556
0,0.22660642862319946,0.38772788643836975,0.23071175813674927,0.26532480120658875,0.18578606843948364,0.15768209099769592,0.13318586349487305,0.10422992706298828,0.08606225252151489,0.07800644636154175,0.20475900173187256,0.0506921112537384,0.09780627489089966,0.004951357841491699,0.038292109966278076,0.0,0.0,0.0010890066623687744,0.1847233772277832,0.039945781230926514,0.0486566424369812,0.05809953808784485,0.06437534093856812,0.12792858481407166,0.09548014402389526,0.16026172041893005,0.1553804874420166,0.05284711718559265,0.029826641082763672,0.0956292450428009,0.05311316251754761,0.17061123251914978,0.08607268333435059,0.19131281971931458,0.12068969011306763,0.07826229929924011,0.031684815883636475,0.1329326331615448,0.056821346282958984,0.19194725155830383,0.08960270881652832,0.2063005268573761
0,0.26814302802085876,0.4091847538948059,0.21122315526008606,0.3453649878501892,0.14062198996543884,0.2724072337150574,0.06544902920722961,0.27010244131088257,0.0,0.27954739332199097,0.22754248976707458,0.06109440326690674,0.12661626935005188,0.008774608373641968,0.07153061032295227,0.0,0.03310617804527283,0.00023040175437927246,0.21588453650474548,0.05156219005584717,0.07483616471290588,0.07305634021759033,0.09006169438362122,0.14339274168014526,0.1221713125705719,0.16844791173934937,0.19310978055000305,0.06337320804595947,0.05660960078239441,0.11609077453613281,0.07943704724311829,0.1908537745475769,0.11168423295021057,0.20627599954605103,0.16106531023979187,0.08785125613212585,0.06293889880180359,0.1476038694381714,0.08312079310417175,0.20385229587554932,0.11390694975852966,0.21507209539413452
0,0.22115153074264526,0.40026527643203735,0.17905229330062866,0.3029264807701111,0.12979722023010254,0.2067716121673584,0.080269455909729,0.16028809547424316,0.03698873519897461,0.12956497073173523,0.18727684020996094,0.05857539176940918,0.09722012281417847,0.0068311989307403564,0.04085725545883179,0.0,0.0,6.473064422607422e-05,0.17806118726730347,0.0486525297164917,0.04021644592285156,0.076587975025177,0.04675811529159546,0.1465524435043335,0.07001310586929321,0.17925363779067993,0.1565343737602234,0.06053328514099121,0.022937893867492676,0.12083256244659424,0.038949668407440186,0.1964045763015747,0.06560283899307251,0.22068524360656738,0.12641316652297974,0.08395540714263916,0.02337116003036499,0.14856505393981934,0.031346261501312256,0.20666444301605225,0.05157649517059326,0.22498464584350586
0,0.28530699014663696,0.4130665063858032,0.20427370071411133,0.3479048013687134,0.12900954484939575,0.28810322284698486,0.05945521593093872,0.28959161043167114,0.0,0.3038020133972168,0.23051941394805908,0.07053768634796143,0.13933545351028442,0.00926119089126587,0.0844154953956604,0.0,0.042373716831207275,0.0013674795627593994,0.2441512942314148,0.07199278473854065,0.10054540634155273,0.1050986647605896,0.11733657121658325,0.1809179186820984,0.15263861417770386,0.19660061597824097,0.24286139011383057,0.09842613339424133,0.10378873348236084,0.13564616441726685,0.12838929891586304,0.2100001573562622,0.16464555263519287,0.2168636918067932,0.23469895124435425,0.141425222158432,0.12681180238723755,0.170196533203125,0.13999301195144653,0.22851312160491943,0.17275846004486084,0.2420840859413147
0,0.28530699014663696,0.4130665063858032,0.20427370071411133,0.3479048013687134,0.12900954484939575,0.28810322284698486,0.05945521593093872,0.28959161043167114,0.0,0.3038020133972168,0.23051941394805908,0.07053768634796143,0.13933545351028442,0.00926119089126587,0.0844154953956604,0.0,0.042373716831207275,0.0013674795627593994,0.2441512942314148,0.07199278473854065,0.10054540634155273,0.1050986647605896,0.11733657121658325,0.1809179186820984,0.15263861417770386,0.19660061597824097,0.24286139011383057,0.09842613339424133,0.10378873348236084,0.13564616441726685,0.12838929891586304,0.2100001573562622,0.16464555263519287,0.2168636918067932,0.23469895124435425,0.141425222158432,0.12681180238723755,0.170196533203125,0.13999301195144653,0.22851312160491943,0.17275846004486084,0.2420840859413147
0,0.30477458238601685,0.4385998249053955,0.2166438102722168,0.3820268511772156,0.13768279552459717,0.31188517808914185,0.06580665707588196,0.29999029636383057,0.0,0.3079822063446045,0.24368423223495483,0.10146328806877136,0.15680038928985596,0.031780779361724854,0.1019393801689148,0.010004252195358276,0.05545118451118469,0.0,0.2737642526626587,0.1022801399230957,0.1326383352279663,0.13838517665863037,0.1574709415435791,0.22200870513916016,0.19706350564956665,0.2357344627380371,0.2905121445655823,0.13170817494392395,0.15166068077087402,0.178605318069458,0.17894721031188965,0.25400710105895996,0.21632498502731323,0.2592080235481262,0.29678523540496826,0.18174469470977783,0.1879999041557312,0.21614599227905273,0.2052733302116394,0.2723877429962158,0.24111104011535645,0.2831587791442871
0,0.30897989869117737,0.46198606491088867,0.22205385565757751,0.39724618196487427,0.14132216572761536,0.3244083523750305,0.06677946448326111,0.313933789730072,0.0,0.3153499364852905,0.24735507369041443,0.11687609553337097,0.16600856184959412,0.04105287790298462,0.11215510964393616,0.011895179748535156,0.06410011649131775,0.0,0.28042277693748474,0.11796826124191284,0.14748242497444153,0.15504908561706543,0.17466238141059875,0.23203831911087036,0.21571055054664612,0.23849809169769287,0.3037751615047455,0.1494840383529663,0.17204061150550842,0.1957930326461792,0.19872549176216125,0.264681875705719,0.23517188429832458,0.2648823857307434,0.3170945942401886,0.20149493217468262,0.21332159638404846,0.23296695947647095,0.23169758915901184,0.28406959772109985,0.268536239862442,0.28989535570144653
0,0.30897989869117737,0.46198606491088867,0.22205385565757751,0.39724618196487427,0.14132216572761536,0.3244083523750305,0.06677946448326111,0.313933789730072,0.0,0.3153499364852905,0.24735507369041443,0.11687609553337097,0.16600856184959412,0.04105287790298462,0.11215510964393616,0.011895179748535156,0.06410011649131775,0.0,0.28042277693748474,0.11796826124191284,0.14748242497444153,0.15504908561706543,0.17466238141059875,0.23203831911087036,0.21571055054664612,0.23849809169769287,0.3037751615047455,0.1494840383529663,0.17204061150550842,0.1957930326461792,0.19872549176216125,0.264681875705719,0.23517188429832458,0.2648823857307434,0.3170945942401886,0.20149493217468262,0.21332159638404846,0.23296695947647095,0.23169758915901184,0.28406959772109985,0.268536239862442,0.28989535570144653
0,0.28277742862701416,0.46682339906692505,0.2085099220275879,0.4077156186103821,0.13277965784072876,0.3256179094314575,0.06519138813018799,0.3037082552909851,0.0,0.30514317750930786,0.2332059144973755,0.12768015265464783,0.1628783941268921,0.046219199895858765,0.10703235864639282,0.013523310422897339,0.057149529457092285,0.0,0.27208858728408813,0.12859174609184265,0.1421714425086975,0.1485503911972046,0.16559487581253052,0.23768073320388794,0.20395171642303467,0.24683427810668945,0.2994704842567444,0.15608400106430054,0.16823357343673706,0.19364941120147705,0.19408363103866577,0.2758665084838867,0.23029595613479614,0.27748721837997437,0.316697359085083,0.2063552737236023,0.20857572555541992,0.23492157459259033,0.227619469165802,0.29407012462615967,0.2670961022377014,0.29691892862319946
0,0.28277742862701416,0.46682339906692505,0.2085099220275879,0.4077156186103821,0.13277965784072876,0.3256179094314575,0.06519138813018799,0.3037082552909851,0.0,0.30514317750930786,0.2332059144973755,0.12768015265464783,0.1628783941268921,0.046219199895858765,0.10703235864639282,0.013523310422897339,0.057149529457092285,0.0,0.27208858728408813,0.12859174609184265,0.1421714425086975,0.1485503911972046,0.16559487581253052,0.23768073320388794,0.20395171642303467,0.24683427810668945,0.2994704842567444,0.15608400106430054,0.16823357343673706,0.19364941120147705,0.19408363103866577,0.2758665084838867,0.23029595613479614,0.27748721837997437,0.316697359085083,0.2063552737236023,0.20857572555541992,0.23492157459259033,0.227619469165802,0.29407012462615967,0.2670961022377014,0.29691892862319946
0,0.29848963022232056,0.4697831869125366,0.22248297929763794,0.4049032926559448,0.14325058460235596,0.3275824785232544,0.06872141361236572,0.312727689743042,0.0,0.3160132169723511,0.2409035563468933,0.12350261211395264,0.16543108224868774,0.048421889543533325,0.10982638597488403,0.016031086444854736,0.060310304164886475,0.0,0.27846866846084595,0.1244468092918396,0.1442354917526245,0.15149909257888794,0.17082279920578003,0.2412170171737671,0.20986133813858032,0.24586910009384155,0.3044477105140686,0.15413612127304077,0.17029964923858643,0.1961226463317871,0.19761300086975098,0.2769380807876587,0.2343011498451233,0.2748934030532837,0.3202049732208252,0.2070533037185669,0.21008414030075073,0.23884916305541992,0.2287275195121765,0.2982940673828125,0.26860523223876953,0.3002222180366516
0,0.30221202969551086,0.4829438328742981,0.2235986292362213,0.4243623614311218,0.1379174292087555,0.3484388589859009,0.06663241982460022,0.33230388164520264,0.0,0.3394700884819031,0.2395874559879303,0.13350152969360352,0.17130878567695618,0.047185271978378296,0.11414101719856262,0.015916407108306885,0.06276008486747742,0.0,0.27985474467277527,0.13771206140518188,0.1465042531490326,0.17039161920547485,0.17105671763420105,0.2605493664741516,0.21039614081382751,0.26499831676483154,0.3074705898761749,0.17015713453292847,0.17281505465507507,0.21660065650939941,0.20187786221504211,0.29916393756866455,0.24131998419761658,0.29709333181381226,0.3261951506137848,0.22476458549499512,0.2168741524219513,0.2504919171333313,0.23351112008094788,0.3138347268104553,0.27345725893974304,0.3213347792625427
0,0.3077404499053955,0.48846274614334106,0.2289319634437561,0.4352266788482666,0.13791215419769287,0.363040030002594,0.06383121013641357,0.3556521534919739,0.0,0.3686750531196594,0.24037128686904907,0.14291566610336304,0.1784759759902954,0.04540717601776123,0.12052899599075317,0.0128709077835083,0.07073140144348145,0.0,0.2801334261894226,0.14880508184432983,0.13905364274978638,0.182636559009552,0.1613476276397705,0.26527857780456543,0.20145612955093384,0.2670270800590515,0.3072531819343567,0.18653732538223267,0.16667503118515015,0.23570001125335693,0.1946306824684143,0.3085435628890991,0.23504292964935303,0.3023930788040161,0.32452189922332764,0.24275189638137817,0.21435832977294922,0.2770790457725525,0.23097747564315796,0.3301556706428528,0.270837664604187,0.3327738642692566
0,0.3077404499053955,0.48846274614334106,0.2289319634437561,0.4352266788482666,0.13791215419769287,0.363040030002594,0.06383121013641357,0.3556521534919739,0.0,0.3686750531196594,0.24037128686904907,0.14291566610336304,0.1784759759902954,0.04540717601776123,0.12052899599075317,0.0128709077835083,0.07073140144348145,0.0,0.2801334261894226,0.14880508184432983,0.13905364274978638,0.182636559009552,0.1613476276397705,0.26527857780456543,0.20145612955093384,0.2670270800590515,0.3072531819343567,0.18653732538223267,0.16667503118515015,0.23570001125335693,0.1946306824684143,0.3085435628890991,0.23504292964935303,0.3023930788040161,0.32452189922332764,0.24275189638137817,0.21435832977294922,0.2770790457725525,0.23097747564315796,0.3301556706428528,0.270837664604187,0.3327738642692566
0,0.3061646521091461,0.5011733174324036,0.22078004479408264,0.443960964679718,0.13529977202415466,0.3741205930709839,0.06484255194664001,0.3612086772918701,0.0,0.3700771927833557,0.23778697848320007,0.14887017011642456,0.17665556073188782,0.04482164978981018,0.11443701386451721,0.0088348388671875,0.061043113470077515,0.0,0.27838870882987976,0.15748164057731628,0.1349034607410431,0.18998539447784424,0.1527450978755951,0.2776132822036743,0.1899893581867218,0.287115216255188,0.30324938893318176,0.19509685039520264,0.159539133310318,0.24275082349777222,0.18690082430839539,0.3191080689430237,0.22517815232276917,0.31949394941329956,0.3188435733318329,0.2516769766807556,0.2044072449207306,0.2822771668434143,0.22317710518836975,0.3399801254272461,0.2628763020038605,0.34602636098861694
0,0.31827816367149353,0.5005171298980713,0.22957316040992737,0.44659051299095154,0.1405087411403656,0.37777164578437805,0.06590911746025085,0.3678748309612274,0.0,0.37785544991493225,0.24392178654670715,0.14817720651626587,0.18105211853981018,0.045019835233688354,0.12189194560050964,0.010716944932937622,0.07152870297431946,0.0,0.2823788821697235,0.15672653913497925,0.13764235377311707,0.19377651810646057,0.15786215662956238,0.2805992066860199,0.19595763087272644,0.28598514199256897,0.3074457347393036,0.19592544436454773,0.1648818552494049,0.24645277857780457,0.19307497143745422,0.32152286171913147,0.23270806670188904,0.3189614713191986,0.323684424161911,0.25236859917640686,0.2110922634601593,0.2808578908443451,0.22627487778663635,0.33662065863609314,0.2654467523097992,0.3437974154949188
0,0.3124566376209259,0.47627848386764526,0.2266017496585846,0.4312637448310852,0.141564279794693,0.3689008355140686,0.06670859456062317,0.36679571866989136,0.0,0.3724014163017273,0.2385489046573639,0.13340476155281067,0.17600038647651672,0.03832170367240906,0.11628463864326477,0.006806552410125732,0.0669451653957367,0.0,0.27554741501808167,0.13811326026916504,0.1252383291721344,0.18272173404693604,0.14455190300941467,0.26977354288101196,0.18467596173286438,0.27589255571365356,0.3017946779727936,0.1762372851371765,0.15727975964546204,0.24045425653457642,0.1814524233341217,0.3129907250404358,0.2191956341266632,0.30781859159469604,0.31757810711860657,0.23450803756713867,0.20273616909980774,0.27867597341537476,0.21791651844978333,0.33018553256988525,0.25636163353919983,0.3326963186264038
0,0.3107371926307678,0.4705992341041565,0.21839481592178345,0.421792209148407,0.1394250988960266,0.3678811192512512,0.06462487578392029,0.36639404296875,0.0,0.3765947222709656,0.22856473922729492,0.12754234671592712,0.16005158424377441,0.035888999700546265,0.10104548931121826,0.005485475063323975,0.05123487114906311,0.0,0.2658863067626953,0.13518846035003662,0.11318689584732056,0.18403464555740356,0.13477957248687744,0.2675958275794983,0.17655235528945923,0.26707684993743896,0.2915031313896179,0.17981761693954468,0.14587414264678955,0.24550515413284302,0.17239493131637573,0.3100283741950989,0.211686909198761,0.29907214641571045,0.3046873211860657,0.24765944480895996,0.18722444772720337,0.28943538665771484,0.2050567865371704,0.33572012186050415,0.2442798614501953,0.3356577754020691
0,0.3242036700248718,0.48831450939178467,0.23259246349334717,0.43647193908691406,0.1439143419265747,0.3743366003036499,0.06733059883117676,0.3676886558532715,0.0,0.37588202953338623,0.23219090700149536,0.13376474380493164,0.16527199745178223,0.03545275330543518,0.1032835841178894,0.004356741905212402,0.050563693046569824,0.0,0.2687070369720459,0.14480072259902954,0.11386299133300781,0.19429689645767212,0.13429778814315796,0.2828095555305481,0.1708011031150818,0.2922428250312805,0.2931355834007263,0.1892176866531372,0.14402174949645996,0.25534582138061523,0.17405551671981812,0.3255199193954468,0.21141153573989868,0.32122230529785156,0.3083651661872864,0.25051695108413696,0.1883191466331482,0.29556918144226074,0.20538753271102905,0.34788602590560913,0.24241197109222412,0.3510047197341919
0,0.3303409218788147,0.47500765323638916,0.23214024305343628,0.43409574031829834,0.1455388069152832,0.376919150352478,0.06926849484443665,0.3672196865081787,0.0,0.3627927899360657,0.23430174589157104,0.1305445432662964,0.16848504543304443,0.027894258499145508,0.10497832298278809,0.0,0.05439630150794983,0.0015332400798797607,0.27218538522720337,0.1395493745803833,0.11503535509109497,0.19285261631011963,0.13049674034118652,0.2856593728065491,0.16941237449645996,0.2953137159347534,0.29704749584198,0.18424206972122192,0.14661192893981934,0.25266337394714355,0.1716076135635376,0.3263487219810486,0.21114611625671387,0.3226521611213684,0.310971200466156,0.24668657779693604,0.19255316257476807,0.29272353649139404,0.2081431746482849,0.3461027145385742,0.2482435703277588,0.35011810064315796
0,0.3360429108142853,0.4847084879875183,0.2342846691608429,0.43767625093460083,0.14573147892951965,0.3755195140838623,0.07030433416366577,0.3588096499443054,0.0,0.35616809129714966,0.2375369369983673,0.1314220428466797,0.174825519323349,0.024562835693359375,0.11196812987327576,0.0,0.06275582313537598,0.00973290205001831,0.27646443247795105,0.13986772298812866,0.11693575978279114,0.1877627968788147,0.13466939330101013,0.2778930068016052,0.1740190088748932,0.2920646071434021,0.3021452724933624,0.18354594707489014,0.1483829915523529,0.25121259689331055,0.1768394410610199,0.32413238286972046,0.21558496356010437,0.3263835310935974,0.3170567452907562,0.24489492177963257,0.19709822535514832,0.29254400730133057,0.21193012595176697,0.34689193964004517,0.2480963170528412,0.35692501068115234
0,0.3221932053565979,0.48268598318099976,0.22589540481567383,0.4366757869720459,0.14313769340515137,0.3772212862968445,0.06988489627838135,0.35845255851745605,0.0,0.35116416215896606,0.23044079542160034,0.12771666049957275,0.16474556922912598,0.02056366205215454,0.09931057691574097,0.0,0.04890555143356323,0.015299022197723389,0.2667783498764038,0.1374143362045288,0.1094975471496582,0.18763458728790283,0.12707507610321045,0.2780928611755371,0.16672712564468384,0.288252592086792,0.29029691219329834,0.18082886934280396,0.13955432176589966,0.2488541603088379,0.16718387603759766,0.32199275493621826,0.20548593997955322,0.3214717507362366,0.30426061153411865,0.24200183153152466,0.18521302938461304,0.28870636224746704,0.20212918519973755,0.3428996801376343,0.24043399095535278,0.3501926064491272
0,0.3184460997581482,0.4924435019493103,0.22297239303588867,0.4399489760398865,0.13827311992645264,0.3749503493309021,0.06683909893035889,0.3535011410713196,0.0,0.3453841805458069,0.23144632577896118,0.130100816488266,0.16566646099090576,0.020463883876800537,0.09953510761260986,0.0,0.04787212610244751,0.01871854066848755,0.26838159561157227,0.14131662249565125,0.11079329252243042,0.1898396611213684,0.13160008192062378,0.2742595672607422,0.17196422815322876,0.2873484492301941,0.2918713688850403,0.1868845820426941,0.13806569576263428,0.2515801787376404,0.1677594780921936,0.32083839178085327,0.2049066424369812,0.3232784867286682,0.306634783744812,0.24826008081436157,0.18784010410308838,0.29345279932022095,0.20427864789962769,0.34478288888931274,0.23844605684280396,0.35349905490875244
0,0.3025864362716675,0.4827415645122528,0.2185533046722412,0.4437852203845978,0.13638818264007568,0.38740649819374084,0.06567686796188354,0.36788687109947205,0.0,0.36353614926338196,0.2170724868774414,0.1239791214466095,0.1500568389892578,0.019830018281936646,0.0815933346748352,0.0,0.031886279582977295,0.015066832304000854,0.25854945182800293,0.1314466893672943,0.09453105926513672,0.18586668372154236,0.11579316854476929,0.27887848019599915,0.15682119131088257,0.2813650667667389,0.28543680906295776,0.17711302638053894,0.12675929069519043,0.2544022500514984,0.15724527835845947,0.32979944348335266,0.19921022653579712,0.3234885632991791,0.30179667472839355,0.2449444830417633,0.17317819595336914,0.30188921093940735,0.1872800588607788,0.3556160628795624,0.22670215368270874,0.35806170105934143
0,0.3301771879196167,0.5044063329696655,0.23709052801132202,0.4592415690422058,0.14380335807800293,0.39206916093826294,0.0678410530090332,0.37009793519973755,0.0,0.360384464263916,0.24198800325393677,0.14211642742156982,0.17372441291809082,0.02147120237350464,0.1027829647064209,0.0,0.047142982482910156,0.012200742959976196,0.2824971675872803,0.14827150106430054,0.11296349763870239,0.19816380739212036,0.13268083333969116,0.29730844497680664,0.1748582124710083,0.3116185665130615,0.3072727918624878,0.1928098201751709,0.14350265264511108,0.2667033076286316,0.17634153366088867,0.3502579927444458,0.22079265117645264,0.3506550192832947,0.3221995234489441,0.25656574964523315,0.1932828426361084,0.30427682399749756,0.20913833379745483,0.36597365140914917,0.2500882148742676,0.374734103679657
0,0.3301771879196167,0.5044063329696655,0.23709052801132202,0.4592415690422058,0.14380335807800293,0.39206916093826294,0.0678410530090332,0.37009793519973755,0.0,0.360384464263916,0.24198800325393677,0.14211642742156982,0.17372441291809082,0.02147120237350464,0.1027829647064209,0.0,0.047142982482910156,0.012200742959976196,0.2824971675872803,0.14827150106430054,0.11296349763870239,0.19816380739212036,0.13268083333969116,0.29730844497680664,0.1748582124710083,0.3116185665130615,0.3072727918624878,0.1928098201751709,0.14350265264511108,0.2667033076286316,0.17634153366088867,0.3502579927444458,0.22079265117645264,0.3506550192832947,0.3221995234489441,0.25656574964523315,0.1932828426361084,0.30427682399749756,0.20913833379745483,0.36597365140914917,0.2500882148742676,0.374734103679657
0,0.3544543385505676,0.5103942155838013,0.25135624408721924,0.4535972476005554,0.15812480449676514,0.38847190141677856,0.07404375076293945,0.3725256323814392,0.0,0.35700494050979614,0.2541990280151367,0.127667635679245,0.17285752296447754,0.011267662048339844,0.09875655174255371,0.0,0.048372119665145874,0.025153756141662598,0.2916565537452698,0.14201951026916504,0.1091490387916565,0.18951743841171265,0.12143492698669434,0.28449541330337524,0.16197937726974487,0.29968923330307007,0.3144626021385193,0.19277465343475342,0.1432366967201233,0.2660033106803894,0.17012381553649902,0.3398255705833435,0.21216267347335815,0.34074968099594116,0.32838714122772217,0.2589609622955322,0.19557929039001465,0.3060089349746704,0.20531320571899414,0.36159026622772217,0.24151110649108887,0.3736047148704529
0,0.32276928424835205,0.49807530641555786,0.2275509238243103,0.45490312576293945,0.14280951023101807,0.38979172706604004,0.06851983070373535,0.36688232421875,0.0,0.3505716919898987,0.23471885919570923,0.13034382462501526,0.15931278467178345,0.012668788433074951,0.08658403158187866,0.0,0.03332895040512085,0.02294158935546875,0.27476930618286133,0.13767731189727783,0.10245078802108765,0.1845613718032837,0.11712265014648438,0.2841978669166565,0.1582295298576355,0.2996255159378052,0.2977498173713684,0.18178164958953857,0.13126611709594727,0.2552737593650818,0.15675121545791626,0.33858782052993774,0.19645285606384277,0.3420165777206421,0.30839699506759644,0.24644136428833008,0.1756887435913086,0.29809194803237915,0.1927240490913391,0.35884201526641846,0.23369622230529785,0.368539035320282
0,0.32276928424835205,0.49807530641555786,0.2275509238243103,0.45490312576293945,0.14280951023101807,0.38979172706604004,0.06851983070373535,0.36688232421875,0.0,0.3505716919898987,0.23471885919570923,0.13034382462501526,0.15931278467178345,0.012668788433074951,0.08658403158187866,0.0,0.03332895040512085,0.02294158935546875,0.27476930618286133,0.13767731189727783,0.10245078802108765,0.1845613718032837,0.11712265014648438,0.2841978669166565,0.1582295298576355,0.2996255159378052,0.2977498173713684,0.18178164958953857,0.13126611709594727,0.2552737593650818,0.15675121545791626,0.33858782052993774,0.19645285606384277,0.3420165777206421,0.30839699506759644,0.24644136428833008,0.1756887435913086,0.29809194803237915,0.1927240490913391,0.35884201526641846,0.23369622230529785,0.368539035320282
0,0.31673306226730347,0.5186716318130493,0.2225998044013977,0.4639742970466614,0.13866674900054932,0.3989213705062866,0.06513118743896484,0.3749743103981018,0.0,0.34693294763565063,0.2346387505531311,0.1392243504524231,0.16436034440994263,0.010852426290512085,0.086708664894104,0.0,0.03175860643386841,0.031148314476013184,0.2780788540840149,0.14751875400543213,0.09814453125,0.18755602836608887,0.11049544811248779,0.2860264182090759,0.15215617418289185,0.30159521102905273,0.3026619553565979,0.19474315643310547,0.13155674934387207,0.26903754472732544,0.15793108940124512,0.34773027896881104,0.2000417709350586,0.34664589166641235,0.31492215394973755,0.2609761953353882,0.18159353733062744,0.3128167986869812,0.19411832094192505,0.36982524394989014,0.23267990350723267,0.3763352036476135
0,0.30433905124664307,0.5059211254119873,0.22266530990600586,0.4633399546146393,0.13987469673156738,0.39877429604530334,0.06738036870956421,0.3754155933856964,0.0,0.35231998562812805,0.23382103443145752,0.1390870213508606,0.17399126291275024,0.019021540880203247,0.10115706920623779,0.0,0.04661375284194946,0.019256383180618286,0.2772505283355713,0.1452920138835907,0.10568380355834961,0.19505372643470764,0.12122505903244019,0.29384782910346985,0.16254717111587524,0.3003820478916168,0.30433523654937744,0.18982261419296265,0.13712936639785767,0.26400676369667053,0.16272026300430298,0.34770748019218445,0.20343345403671265,0.34238436818122864,0.31841200590133667,0.255552738904953,0.1870766282081604,0.3094806969165802,0.20254993438720703,0.36842694878578186,0.24460959434509277,0.36961379647254944
0,0.27305179834365845,0.501671314239502,0.17810088396072388,0.4479414224624634,0.09978926181793213,0.3694266080856323,0.03978925943374634,0.3209749460220337,0.0007615089416503906,0.24861246347427368,0.19819384813308716,0.14123395085334778,0.13242387771606445,0.018008172512054443,0.055759549140930176,0.0,0.0,0.0162389874458313,0.2391418218612671,0.1448138952255249,0.0772671103477478,0.1984008550643921,0.08982020616531372,0.29701870679855347,0.13205230236053467,0.3130176067352295,0.2646927833557129,0.18691256642341614,0.09998148679733276,0.2632303833961487,0.13115257024765015,0.3514174222946167,0.1780247688293457,0.34902167320251465,0.27955132722854614,0.25106126070022583,0.15144240856170654,0.3047083020210266,0.16923999786376953,0.3678947687149048,0.21381694078445435,0.36925816535949707
0,0.31420859694480896,0.5001169443130493,0.22167882323265076,0.4508526027202606,0.13696113228797913,0.3890193998813629,0.0651947557926178,0.36442503333091736,0.0,0.3420139253139496,0.23454728722572327,0.13112619519233704,0.17016950249671936,0.012059688568115234,0.09715613722801208,0.0,0.0441184937953949,0.025814801454544067,0.2792578637599945,0.14156565070152283,0.10528698563575745,0.1881740689277649,0.12285199761390686,0.2891944944858551,0.16723886132240295,0.29814401268959045,0.30655041337013245,0.18750068545341492,0.13735368847846985,0.2577584683895111,0.16352936625480652,0.340777724981308,0.20491281151771545,0.3390760123729706,0.3206949532032013,0.25290653109550476,0.18589827418327332,0.2979860007762909,0.20051416754722595,0.3565289080142975,0.24165406823158264,0.36247768998146057
0,0.2835514545440674,0.4975596070289612,0.19645565748214722,0.4469321370124817,0.11470240354537964,0.37928420305252075,0.05204570293426514,0.34770482778549194,0.0,0.2967149615287781,0.21204698085784912,0.141181081533432,0.15098130702972412,0.020860791206359863,0.07626873254776001,0.0,0.021704673767089844,0.014812350273132324,0.2551141381263733,0.14719122648239136,0.09313708543777466,0.19824111461639404,0.1036798357963562,0.29462218284606934,0.14306092262268066,0.3076028823852539,0.28278279304504395,0.18950039148330688,0.12024295330047607,0.2615063786506653,0.1473066806793213,0.34166181087493896,0.19154757261276245,0.33661144971847534,0.29919111728668213,0.2527695894241333,0.1705743670463562,0.29804104566574097,0.18624365329742432,0.355716347694397,0.23044246435165405,0.35692715644836426
0,0.2899380326271057,0.5018886923789978,0.2092171311378479,0.4557396173477173,0.12770473957061768,0.3922268748283386,0.05897808074951172,0.364574134349823,0.0,0.32947343587875366,0.22128480672836304,0.13726240396499634,0.1611660122871399,0.011177629232406616,0.08717399835586548,0.0,0.03269118070602417,0.02753293514251709,0.266532301902771,0.14511650800704956,0.09709221124649048,0.18774902820587158,0.11620062589645386,0.2885894179344177,0.1626165509223938,0.2956131100654602,0.29350948333740234,0.19152218103408813,0.1285949945449829,0.25846630334854126,0.1570691466331482,0.3426520824432373,0.20098638534545898,0.33826524019241333,0.3073815107345581,0.2566201686859131,0.17742758989334106,0.3003392815589905,0.19005721807479858,0.35968154668807983,0.22981113195419312,0.3655136227607727
0,0.3124864399433136,0.5191811323165894,0.21644040942192078,0.4602317810058594,0.13655498623847961,0.3892618417739868,0.06580457091331482,0.3585929870605469,0.0,0.3299105763435364,0.23644676804542542,0.12921810150146484,0.1577734649181366,0.012632608413696289,0.08565667271614075,0.0,0.036438971757888794,0.024253010749816895,0.2755821645259857,0.14184197783470154,0.10402664542198181,0.19198977947235107,0.1150272786617279,0.28971773386001587,0.15639594197273254,0.30821508169174194,0.29619255661964417,0.19144749641418457,0.1306782066822052,0.2626113295555115,0.15671637654304504,0.3406791687011719,0.19691595435142517,0.34555232524871826,0.30472633242607117,0.25837308168411255,0.17669132351875305,0.2991282343864441,0.18689599633216858,0.3574182987213135,0.21958115696907043,0.3722683787345886
0,0.32649827003479004,0.5269615054130554,0.22333991527557373,0.46635037660598755,0.13875752687454224,0.3993909955024719,0.06525784730911255,0.36721909046173096,0.0,0.3301898241043091,0.2410539984703064,0.13451451063156128,0.15989631414413452,0.009900271892547607,0.08565354347229004,0.0,0.03515028953552246,0.03188145160675049,0.2795424461364746,0.14880764484405518,0.10014998912811279,0.20006000995635986,0.11061137914657593,0.2941601276397705,0.15391409397125244,0.31336742639541626,0.3002529740333557,0.20018470287322998,0.1288372278213501,0.26684802770614624,0.15380436182022095,0.34115928411483765,0.19525861740112305,0.3482303023338318,0.31071633100509644,0.26878947019577026,0.17984038591384888,0.30480051040649414,0.19032543897628784,0.3610988259315491,0.2260720133781433,0.3776882290840149
0,0.29242315888404846,0.5114006996154785,0.21013543009757996,0.4565604031085968,0.12405040860176086,0.3852134644985199,0.05803695321083069,0.3535630404949188,0.0,0.3253694474697113,0.21799913048744202,0.1317577064037323,0.15277644991874695,0.007967829704284668,0.0755029022693634,0.0,0.020911961793899536,0.031659096479415894,0.2657903730869293,0.14906379580497742,0.09816643595695496,0.18534943461418152,0.11388984322547913,0.284306138753891,0.15521302819252014,0.2935473620891571,0.2926540672779083,0.2002754509449005,0.1273725926876068,0.25918683409690857,0.15692737698554993,0.34148892760276794,0.20102134346961975,0.33979377150535583,0.3077373206615448,0.2684614956378937,0.17817845940589905,0.3049186170101166,0.1916671097278595,0.36743786931037903,0.23169538378715515,0.3777303993701935
0,0.32232844829559326,0.5187032222747803,0.21918964385986328,0.4598090946674347,0.1374531388282776,0.39432528614997864,0.06571269035339355,0.3629803955554962,0.0,0.32892003655433655,0.23219478130340576,0.12578007578849792,0.15447098016738892,0.005570441484451294,0.07792633771896362,0.0,0.02555343508720398,0.038508206605911255,0.271186888217926,0.14226111769676208,0.09448409080505371,0.18565180897712708,0.10463309288024902,0.28312429785728455,0.1468084454536438,0.30379393696784973,0.2931309938430786,0.1936066448688507,0.12328332662582397,0.2628392279148102,0.1488296389579773,0.3405449688434601,0.18899613618850708,0.34500566124916077,0.30430614948272705,0.2643117606639862,0.1723288893699646,0.31022337079048157,0.18615281581878662,0.37029990553855896,0.22324562072753906,0.382200688123703
